model,param,window,lag,PACF
PIN,pin,60,1,0.9488894415612324
PIN,pin,60,2,0.19071945591136555
PIN,pin,60,3,0.05163743786415811
PIN,pin,60,4,0.02973046010415256
PIN,pin,60,5,0.006062890311936271
HPIN,pin,60,1,0.933446993938868
HPIN,pin,60,2,0.23355869083594677
HPIN,pin,60,3,0.0673629585071261
HPIN,pin,60,4,0.03419115647444609
HPIN,pin,60,5,0.022433978066588492
PIN,alpha,60,1,0.9429531046578223
PIN,alpha,60,2,0.19477175931986587
PIN,alpha,60,3,0.06927830418072327
PIN,alpha,60,4,0.05605743171751304
PIN,alpha,60,5,0.014095828246414257
HPIN,alpha,60,1,0.9432584184706118
HPIN,alpha,60,2,0.19091958877360057
HPIN,alpha,60,3,0.057296080200105626
HPIN,alpha,60,4,0.030314415471889927
HPIN,alpha,60,5,0.007414812879792693
PIN,delta,60,1,0.9171412007457865
PIN,delta,60,2,0.22256099797494497
PIN,delta,60,3,0.11373089034822087
PIN,delta,60,4,0.060162375802083404
PIN,delta,60,5,0.06021727140621622
HPIN,delta,60,1,0.8746404694451428
HPIN,delta,60,2,0.10932473898573207
HPIN,delta,60,3,0.0786348645510188
HPIN,delta,60,4,0.022742450785958372
HPIN,delta,60,5,0.058630366063488454
PIN,epsilon_b,60,1,0.9283967046048234
PIN,epsilon_b,60,2,0.2055617712426287
PIN,epsilon_b,60,3,0.11746732120205791
PIN,epsilon_b,60,4,0.04131137219895717
PIN,epsilon_b,60,5,0.05063055117075316
HPIN,epsilon_b,60,1,0.9309357150923534
HPIN,epsilon_b,60,2,0.12355370028470909
HPIN,epsilon_b,60,3,0.057073343629114225
HPIN,epsilon_b,60,4,0.015472265988100262
HPIN,epsilon_b,60,5,0.05432810158245605
PIN,epsilon_s,60,1,0.9341723976838912
PIN,epsilon_s,60,2,0.23612603058122097
PIN,epsilon_s,60,3,0.1025504633697516
PIN,epsilon_s,60,4,0.028971258104197158
PIN,epsilon_s,60,5,0.064300380468563
HPIN,epsilon_s,60,1,0.9406953209656289
HPIN,epsilon_s,60,2,0.12335864352046673
HPIN,epsilon_s,60,3,0.06594639553102848
HPIN,epsilon_s,60,4,0.014702884227935687
HPIN,epsilon_s,60,5,0.056299442256520414
PIN,mu,60,1,0.9642274122639694
PIN,mu,60,2,0.11916727570436884
PIN,mu,60,3,0.07055926108000814
PIN,mu,60,4,-0.015860478669928634
PIN,mu,60,5,0.00619243317920621
HPIN,mu,60,1,0.9679312299903287
HPIN,mu,60,2,0.08941506676390075
HPIN,mu,60,3,0.05005811135592841
HPIN,mu,60,4,0.01438682957911657
HPIN,mu,60,5,-0.013193027286609791
PIN,pin,90,1,0.965094587215922
PIN,pin,90,2,0.15673151930457763
PIN,pin,90,3,0.05158361952036327
PIN,pin,90,4,0.03370649069227398
PIN,pin,90,5,0.05808159052102706
HPIN,pin,90,1,0.9510528614408036
HPIN,pin,90,2,0.17830767036495498
HPIN,pin,90,3,0.07586636938368609
HPIN,pin,90,4,0.07854265307829104
HPIN,pin,90,5,0.0790751325302093
PIN,alpha,90,1,0.9641848205699107
PIN,alpha,90,2,0.1262229154099653
PIN,alpha,90,3,0.061402274769491
PIN,alpha,90,4,0.025229758797476902
PIN,alpha,90,5,0.05306585358398283
HPIN,alpha,90,1,0.9550419082084841
HPIN,alpha,90,2,0.1274554340780902
HPIN,alpha,90,3,0.06659486952057472
HPIN,alpha,90,4,0.08371680121981531
HPIN,alpha,90,5,0.06500262145985394
PIN,delta,90,1,0.9303879884220729
PIN,delta,90,2,0.24729695829568055
PIN,delta,90,3,0.10785405439965387
PIN,delta,90,4,0.0744352241789796
PIN,delta,90,5,0.06498533578256353
HPIN,delta,90,1,0.8862436060617924
HPIN,delta,90,2,0.17656039140745616
HPIN,delta,90,3,0.07699271665032591
HPIN,delta,90,4,0.05539244665275154
HPIN,delta,90,5,0.03697671526878532
PIN,epsilon_b,90,1,0.9331217318932669
PIN,epsilon_b,90,2,0.2633627843456526
PIN,epsilon_b,90,3,0.0989968121004202
PIN,epsilon_b,90,4,0.09582705179843684
PIN,epsilon_b,90,5,0.08719953758263187
HPIN,epsilon_b,90,1,0.9357558597601713
HPIN,epsilon_b,90,2,0.15137275421542074
HPIN,epsilon_b,90,3,0.08077960197073648
HPIN,epsilon_b,90,4,0.053634466372271525
HPIN,epsilon_b,90,5,0.050012218448412527
PIN,epsilon_s,90,1,0.9464676925545665
PIN,epsilon_s,90,2,0.2302431666475932
PIN,epsilon_s,90,3,0.08571687380430633
PIN,epsilon_s,90,4,0.05156956014172983
PIN,epsilon_s,90,5,0.047218326452740635
HPIN,epsilon_s,90,1,0.9505898697708011
HPIN,epsilon_s,90,2,0.15667702480776402
HPIN,epsilon_s,90,3,0.05621051181756359
HPIN,epsilon_s,90,4,0.06716273239308611
HPIN,epsilon_s,90,5,0.048459230734127896
PIN,mu,90,1,0.9778679062765646
PIN,mu,90,2,0.09361753612795559
PIN,mu,90,3,0.05490307250031568
PIN,mu,90,4,-0.011300259057634791
PIN,mu,90,5,0.019611969517407988
HPIN,mu,90,1,0.9773469618972879
HPIN,mu,90,2,0.07810351927630535
HPIN,mu,90,3,0.050094602619388195
HPIN,mu,90,4,0.051060136896820305
HPIN,mu,90,5,0.05089746831782073
PIN,pin,120,1,0.9715130467042035
PIN,pin,120,2,0.1644252512464246
PIN,pin,120,3,0.07448159222652566
PIN,pin,120,4,0.03284123630454605
PIN,pin,120,5,0.028705519607147317
HPIN,pin,120,1,0.9677108785435847
HPIN,pin,120,2,0.17120275629664786
HPIN,pin,120,3,0.05319268338299937
HPIN,pin,120,4,0.036387487709547174
HPIN,pin,120,5,0.028442384331286326
PIN,alpha,120,1,0.9706928164702519
PIN,alpha,120,2,0.1859040897657856
PIN,alpha,120,3,0.0649299919345006
PIN,alpha,120,4,0.03108911274514035
PIN,alpha,120,5,0.012992523737471852
HPIN,alpha,120,1,0.9710419294107495
HPIN,alpha,120,2,0.13364736519811976
HPIN,alpha,120,3,0.04375564388145563
HPIN,alpha,120,4,0.03314447465510772
HPIN,alpha,120,5,0.012457655818087084
PIN,delta,120,1,0.9417401647571135
PIN,delta,120,2,0.23606078814456916
PIN,delta,120,3,0.14290906968795822
PIN,delta,120,4,0.028899766788914052
PIN,delta,120,5,0.03946273015372628
HPIN,delta,120,1,0.9028027968840096
HPIN,delta,120,2,0.10101046144559296
HPIN,delta,120,3,0.09726631940500921
HPIN,delta,120,4,0.026494430819889437
HPIN,delta,120,5,0.004282828992428147
PIN,epsilon_b,120,1,0.9505006242335513
PIN,epsilon_b,120,2,0.2180620283997888
PIN,epsilon_b,120,3,0.13965590278904122
PIN,epsilon_b,120,4,0.036714725434414765
PIN,epsilon_b,120,5,0.05671214125822073
HPIN,epsilon_b,120,1,0.9390200638962135
HPIN,epsilon_b,120,2,0.1144143093109963
HPIN,epsilon_b,120,3,0.09194753057065266
HPIN,epsilon_b,120,4,0.02777486944963209
HPIN,epsilon_b,120,5,-0.002312226427995049
PIN,epsilon_s,120,1,0.9492969200331318
PIN,epsilon_s,120,2,0.2171351919601336
PIN,epsilon_s,120,3,0.1592900717962906
PIN,epsilon_s,120,4,0.022458315362774588
PIN,epsilon_s,120,5,0.03631417962016604
HPIN,epsilon_s,120,1,0.9557657382254253
HPIN,epsilon_s,120,2,0.10544570489185716
HPIN,epsilon_s,120,3,0.08777987956559015
HPIN,epsilon_s,120,4,0.019559046173248808
HPIN,epsilon_s,120,5,0.016087611310885604
PIN,mu,120,1,0.9830687565101623
PIN,mu,120,2,0.1395310429857326
PIN,mu,120,3,0.033799537082696764
PIN,mu,120,4,0.003379506499030024
PIN,mu,120,5,0.001603578855804809
HPIN,mu,120,1,0.9849253859899798
HPIN,mu,120,2,0.05886723541135203
HPIN,mu,120,3,0.034194103882253454
HPIN,mu,120,4,0.0145699484186964
HPIN,mu,120,5,0.006856477598010507
PIN,pin,150,1,0.9754962043471818
PIN,pin,150,2,0.14584046579518478
PIN,pin,150,3,0.06382558208598302
PIN,pin,150,4,0.04313690427615346
PIN,pin,150,5,0.035066151370775185
HPIN,pin,150,1,0.9690737646270055
HPIN,pin,150,2,0.2250196481833379
HPIN,pin,150,3,0.053150768069562614
HPIN,pin,150,4,0.02105267600876023
HPIN,pin,150,5,0.048282170664770384
PIN,alpha,150,1,0.9775865157800663
PIN,alpha,150,2,0.13042110284212832
PIN,alpha,150,3,0.06353525810044598
PIN,alpha,150,4,0.03758983144227395
PIN,alpha,150,5,0.04358352499507081
HPIN,alpha,150,1,0.9729508466505995
HPIN,alpha,150,2,0.22407495785802212
HPIN,alpha,150,3,0.03302382255211177
HPIN,alpha,150,4,0.01974169608150631
HPIN,alpha,150,5,0.050447150235861375
PIN,delta,150,1,0.9305128259121378
PIN,delta,150,2,0.2552542749494825
PIN,delta,150,3,0.10735891815915848
PIN,delta,150,4,0.05545857741212012
PIN,delta,150,5,0.02917199305941319
HPIN,delta,150,1,0.9075067524998828
HPIN,delta,150,2,0.11238091225728171
HPIN,delta,150,3,0.08078193440324441
HPIN,delta,150,4,0.08887954374634376
HPIN,delta,150,5,0.06352793736401614
PIN,epsilon_b,150,1,0.9433426969086148
PIN,epsilon_b,150,2,0.24925973787040745
PIN,epsilon_b,150,3,0.1042225662712499
PIN,epsilon_b,150,4,0.055480361407435175
PIN,epsilon_b,150,5,0.033540124736542276
HPIN,epsilon_b,150,1,0.9410017674640999
HPIN,epsilon_b,150,2,0.10851165883688427
HPIN,epsilon_b,150,3,0.08827773384281237
HPIN,epsilon_b,150,4,0.06327772334064632
HPIN,epsilon_b,150,5,0.05847848187105815
PIN,epsilon_s,150,1,0.939908745866922
PIN,epsilon_s,150,2,0.24461306953910092
PIN,epsilon_s,150,3,0.10736656371090245
PIN,epsilon_s,150,4,0.06613963821162035
PIN,epsilon_s,150,5,0.027066036274599824
HPIN,epsilon_s,150,1,0.9568261523393535
HPIN,epsilon_s,150,2,0.10594034787395405
HPIN,epsilon_s,150,3,0.0714427199369263
HPIN,epsilon_s,150,4,0.09612938471139512
HPIN,epsilon_s,150,5,0.058860622382541555
PIN,mu,150,1,0.9884117501849252
PIN,mu,150,2,0.09323034401016234
PIN,mu,150,3,0.047210563387308786
PIN,mu,150,4,0.004589904517464419
PIN,mu,150,5,0.035700478789926916
HPIN,mu,150,1,0.9868451242118699
HPIN,mu,150,2,0.14472880775114622
HPIN,mu,150,3,0.029284589370190316
HPIN,mu,150,4,0.0055053770884603585
HPIN,mu,150,5,0.03287186563771825
PIN,pin,180,1,0.976825063017858
PIN,pin,180,2,0.18482757828833443
PIN,pin,180,3,0.03987834980604855
PIN,pin,180,4,0.04131680797593765
PIN,pin,180,5,0.04975057506192437
HPIN,pin,180,1,0.9727584846754137
HPIN,pin,180,2,0.2308549713120968
HPIN,pin,180,3,0.07724131676566735
HPIN,pin,180,4,0.029137953089963777
HPIN,pin,180,5,-0.0015892296676423539
PIN,alpha,180,1,0.977310741047818
PIN,alpha,180,2,0.1888362669188776
PIN,alpha,180,3,0.03642035402008881
PIN,alpha,180,4,0.030125510187534146
PIN,alpha,180,5,0.05154327912713521
HPIN,alpha,180,1,0.9746787433706668
HPIN,alpha,180,2,0.21455873690921476
HPIN,alpha,180,3,0.0666752162200561
HPIN,alpha,180,4,0.021983891027092955
HPIN,alpha,180,5,-0.013377507225735774
PIN,delta,180,1,0.9352652746735887
PIN,delta,180,2,0.2322997218927371
PIN,delta,180,3,0.11876495429958686
PIN,delta,180,4,0.06309436138510285
PIN,delta,180,5,0.09985689987094468
HPIN,delta,180,1,0.9270807143738146
HPIN,delta,180,2,0.13103052886239527
HPIN,delta,180,3,0.12176641992368067
HPIN,delta,180,4,0.05939802797544354
HPIN,delta,180,5,0.021807638121766292
PIN,epsilon_b,180,1,0.946955206046612
PIN,epsilon_b,180,2,0.2380594646756781
PIN,epsilon_b,180,3,0.11041596771631447
PIN,epsilon_b,180,4,0.06292612526442129
PIN,epsilon_b,180,5,0.10112824892115997
HPIN,epsilon_b,180,1,0.9538235672014791
HPIN,epsilon_b,180,2,0.12255919329248294
HPIN,epsilon_b,180,3,0.12461139780854086
HPIN,epsilon_b,180,4,0.055073456451720064
HPIN,epsilon_b,180,5,0.013540781834331318
PIN,epsilon_s,180,1,0.942526585025296
PIN,epsilon_s,180,2,0.21068709392838925
PIN,epsilon_s,180,3,0.11366424493747375
PIN,epsilon_s,180,4,0.07546198654537666
PIN,epsilon_s,180,5,0.08405878470484544
HPIN,epsilon_s,180,1,0.9633825964794543
HPIN,epsilon_s,180,2,0.13753300834925872
HPIN,epsilon_s,180,3,0.11872282277777228
HPIN,epsilon_s,180,4,0.04771115786332334
HPIN,epsilon_s,180,5,0.012435788533862563
PIN,mu,180,1,0.9893053328158328
PIN,mu,180,2,0.15054526164128762
PIN,mu,180,3,0.018925741302908666
PIN,mu,180,4,-0.002009103804816294
PIN,mu,180,5,0.047330933969839194
HPIN,mu,180,1,0.9892466693079169
HPIN,mu,180,2,0.13048102297788824
HPIN,mu,180,3,0.0634581487540014
HPIN,mu,180,4,0.003082786250426606
HPIN,mu,180,5,-0.0052627670485406175
