run,eps_b,eps_s,mu,alpha,delta,pin,spectral_diag,loglik,n_iter,at_best,degenerate,case
0,10224.106110359835,9394.512302802086,7892.102663812862,0.3866440984256371,0.6487920696361376,0.13460201766643395,0.4083398810525725,-4222298.2911041295,12,True,False,ig_full_series
1,9538.373761496963,10132.786178902954,7874.054657530156,0.38085635247386973,0.40181060470765284,0.13228398581174944,0.4116279374577851,-4247362.4383057775,10,False,False,ig_full_series
2,10224.106586093663,9394.516826682484,7892.095023068375,0.38664451102288017,0.6487915544742113,0.1346019995102768,0.40833934626858,-4222298.291045396,13,True,False,ig_full_series
3,10224.10311202428,9394.5020581652,7892.108884272135,0.3866442220593682,0.6487927164967102,0.13460222535453897,0.40833992031038974,-4222298.291271399,13,True,False,ig_full_series
4,9538.379538187492,10132.788978418437,7874.053271135562,0.3808560751409998,0.4018108801866235,0.1322838319733355,0.4116277984137891,-4247362.4382071905,10,False,False,ig_full_series
5,10224.104669825056,9394.509457214985,7892.100703275651,0.38664448373737625,0.6487920845557414,0.134602130261155,0.4083395051777166,-4222298.291147011,12,True,False,ig_full_series
6,10224.094571282943,9394.459099864644,7892.164065103461,0.38664199912365765,0.6487965304031287,0.1346026758666349,0.40834306056147257,-4222298.2924787495,12,True,False,ig_full_series
7,9538.364105304812,10132.772323503841,7874.084689222011,0.3808547295945448,0.4018122711365162,0.13228407168118686,0.41162712611015406,-4247362.438556029,10,False,False,ig_full_series
8,9538.343163290852,10132.76541108464,7874.079943493066,0.38085647062801553,0.4018105222380792,0.1322846897626565,0.4116280083688943,-4247362.439137741,10,False,False,ig_full_series
9,10224.119127154345,9394.544522457227,7892.109563018608,0.3866412191013848,0.6487910162819243,0.1346009834534274,0.40834241671149757,-4222298.290922836,10,True,False,ig_full_series
10,10224.105268627849,9394.513011695226,7892.09590515487,0.38664469227687165,0.6487917404971867,0.13460209760951045,0.40833921397591966,-4222298.291096191,11,True,False,ig_full_series
11,10224.106616146773,9394.515734530536,7892.097601826814,0.38664434069541337,0.64879171786496,0.1346019925633737,0.4083395547383141,-4222298.291058368,11,True,False,ig_full_series
12,10224.105029028522,9394.51010527734,7892.101340698374,0.38664437782978034,0.6487920896015293,0.13460210178190116,0.40833961085481524,-4222298.2911367025,13,True,False,ig_full_series
13,9538.360000183118,10132.736084610146,7874.188707681253,0.3808471746880622,0.4018200151288838,0.13228354644393722,0.41162290738623636,-4247362.439668133,9,False,False,ig_full_series
14,9538.37334426809,10132.785765418404,7874.055396255278,0.38085632442325845,0.4018106337854118,0.13228399297389526,0.411627923867323,-4247362.438313444,10,False,False,ig_full_series
15,9538.375249364557,10132.78974677632,7874.04569290825,0.3808569291679904,0.4018100157964397,0.13228399943531977,0.41162821720413545,-4247362.438285714,9,False,False,ig_full_series
16,9538.41684743686,10132.796165605989,7874.077101128029,0.3808518172285217,0.4018151849113223,0.1322826364332557,0.4116255548162442,-4247362.437984212,10,False,False,ig_full_series
17,10224.1061301913,9394.516651096379,7892.092723078367,0.3866447424330584,0.6487914559816332,0.13460203902959583,0.4083390937473376,-4222298.29104897,13,True,False,ig_full_series
18,10224.126057527095,9394.586701857257,7892.045157307829,0.38664436655132584,0.6487868741274411,0.1346006895004093,0.40833829643989983,-4222298.291223357,11,True,False,ig_full_series
19,10224.101231160976,9394.494945746983,7892.11319470104,0.3866443014016568,0.648793217775731,0.13460236627548675,0.40833996601984207,-4222298.291412954,12,True,False,ig_full_series
20,10224.096711643151,9394.470524766193,7892.147603854484,0.3866427543779428,0.6487954787568097,0.13460257989981472,0.4083420541890172,-4222298.292073421,11,True,False,ig_full_series
21,10224.104451165802,9394.509541093343,7892.098947296153,0.38664464361482953,0.6487920129068059,0.1346021533100957,0.40833932964582215,-4222298.291146476,12,True,False,ig_full_series
22,9538.396017883626,10132.797153158861,7874.048739419186,0.3808553274742565,0.40181162245120006,0.13228339671259756,0.41162741777742956,-4247362.438017749,10,False,False,ig_full_series
23,10224.10609483121,9394.512220289067,7892.102759749068,0.38664409502151986,0.6487920771715102,0.13460201863897173,0.40833988628534895,-4222298.291105265,11,True,False,ig_full_series
24,10224.122531929752,9394.549764614861,7892.123670269996,0.3866395455377013,0.6487912032774896,0.1346006361330709,0.4083440725516007,-4222298.2910019215,9,True,False,ig_full_series
25,10224.102100528333,9394.498634221798,7892.110325476599,0.3866443206276833,0.6487929290835427,0.13460230265708598,0.40833987565322927,-4222298.291337143,12,True,False,ig_full_series
26,9538.367992078205,10132.776638992102,7874.07641415344,0.38085509572129195,0.40181189278677854,0.13228401353505742,0.4116273117403287,-4247362.438444888,9,False,False,ig_full_series
27,10224.098357796356,9394.479728634955,7892.133592278453,0.38664343258019895,0.6487946098662214,0.1346025129963983,0.40834116902920403,-4222298.291790662,12,True,False,ig_full_series
28,9538.455793022791,10132.805728288522,7874.095555921167,0.3808478583013656,0.40181920150982875,0.13228142923304861,0.411623280498094,-4247362.438515351,9,False,False,ig_full_series
29,10224.105043629525,9394.512226237986,7892.096371404962,0.3866447025325634,0.6487917913432083,0.13460211358043728,0.40833921649489363,-4222298.291107294,13,True,False,ig_full_series
30,10224.106005858082,9394.515792442704,7892.093967847085,0.38664468367953314,0.6487915445362011,0.1346020455376808,0.40833917370306194,-4222298.291059231,13,True,False,ig_full_series
31,10224.12742339973,9394.571530290621,7892.098033221388,0.3866404443749045,0.6487894217261492,0.13460037026437122,0.40834273823509976,-4222298.2910988275,9,True,False,ig_full_series
32,9538.374162404723,10132.79225849535,7874.036757927381,0.38085767387897285,0.401809259691944,0.13228408531590424,0.41162857207957876,-4247362.438321938,9,False,False,ig_full_series
33,10224.13041246293,9394.601378534246,7892.031344162326,0.3866446246540941,0.6487859538967824,0.13460045038451673,0.40833780754872456,-4222298.291528005,11,True,False,ig_full_series
34,10224.097269918284,9394.475330951314,7892.137644912919,0.386643355132401,0.6487949418570894,0.1346025820491598,0.40834132758936437,-4222298.291918088,13,True,False,ig_full_series
35,9538.374210791262,10132.78634218058,7874.054714365666,0.38085631850483515,0.40181063875695566,0.13228397282799711,0.4116279205955271,-4247362.4382974915,10,False,False,ig_full_series
36,10224.105895812898,9394.51533596841,7892.094358595214,0.38664467820648674,0.648791579690827,0.13460205301978678,0.4083391878493982,-4222298.291065072,13,True,False,ig_full_series
37,10224.096007006894,9394.466890823312,7892.152460612612,0.38664254883856364,0.6487958063655027,0.13460261542034888,0.4083423383364198,-4222298.292194928,12,True,False,ig_full_series
38,10224.103147030468,9394.502206536217,7892.108745725072,0.3866442248954661,0.6487927048509624,0.1346022230752777,0.4083399146209951,-4222298.291268633,13,True,False,ig_full_series
39,9538.353508158158,10132.761910608004,7874.103162004048,0.38085403921831595,0.4018129890414055,0.13228425549582914,0.41162677238691686,-4247362.43891524,10,False,False,ig_full_series
40,9538.441102222167,10132.809006445588,7874.067925915275,0.3808509061754024,0.40181609001846147,0.13228201164567205,0.4116250402235608,-4247362.43817232,10,False,False,ig_full_series
41,9538.394860768447,10132.797316416687,7874.046831525828,0.38085554755423806,0.4018113994381552,0.1322834410284915,0.4116275291105667,-4247362.438028964,11,False,False,ig_full_series
42,10224.104976039058,9394.511629914216,7892.0973263310025,0.38664465298356954,0.6487918578857033,0.13460211668912067,0.4083392819064282,-4222298.291115477,12,True,False,ig_full_series
43,9538.38957649667,10132.793886862999,7874.0507266280265,0.38085560344300384,0.4018113487882957,0.1322835655003416,0.41162755932477674,-4247362.438075443,10,False,False,ig_full_series
44,9538.396899882839,10132.798116229003,7874.046909604942,0.3808554069558129,0.4018115403538518,0.1322833832267137,0.41162745753374735,-4247362.438013195,11,False,False,ig_full_series
45,9538.41007279254,10132.788439480608,7874.092115354468,0.3808511348978333,0.40181589177754157,0.13228273426990753,0.4116251793850845,-4247362.438028323,9,False,False,ig_full_series
46,9538.379036690894,10132.784807989887,7874.06525375915,0.38085520616616825,0.4018117666320798,0.13228377201522373,0.41162736331035604,-4247362.438218853,10,False,False,ig_full_series
47,10224.104735121013,9394.508729464103,7892.102810557062,0.3866443339072375,0.6487922059109307,0.13460212015776968,0.4083396830985344,-4222298.291157733,13,True,False,ig_full_series
48,9538.390681311404,10132.79351036126,7874.053214664622,0.38085534314193126,0.4018116128608987,0.13228351906889574,0.4116274278708116,-4247362.438062264,9,False,False,ig_full_series
49,9538.375874280247,10132.770948166957,7874.103184207333,0.3808525602602822,0.4018144733818573,0.13228362683155923,0.4116259759432703,-4247362.438398593,10,False,False,ig_full_series
0,10262.499281998518,9303.11878892982,10872.74579365298,0.3051398939144875,0.7221481728312785,0.1449836625822728,0.46442233482811757,-57374.96672230906,8,True,False,ig_window_60
1,10262.487068887765,9303.083645023002,10872.775081443677,0.3051398939144875,0.7221481728312785,0.1449842965456472,0.46442233482811757,-57374.96672429777,8,True,False,ig_window_60
2,10262.486795613026,9303.082858660293,10872.775736772983,0.3051398939144875,0.7221481728312785,0.14498431073092616,0.46442233482811757,-57374.96672442398,8,True,False,ig_window_60
3,10262.488208560322,9303.086924492109,10872.772348440023,0.3051398939144878,0.7221481728312785,0.14498423738697483,0.46442233482811757,-57374.96672381211,9,True,False,ig_window_60
4,10262.486811710107,9303.082904980502,10872.775698171215,0.3051398939144878,0.7221481728312785,0.1449843098953512,0.46442233482811757,-57374.966724417,8,True,False,ig_window_60
5,10262.492251644122,9303.098558686952,10872.762652878713,0.3051398939144875,0.7221481728312785,0.14498402751673448,0.46442233482811757,-57374.96672258732,7,True,False,ig_window_60
6,10262.499201902638,9303.118558449294,10872.745985727921,0.3051398939144875,0.7221481728312785,0.14498366673991916,0.46442233482811757,-57374.96672229843,8,True,False,ig_window_60
7,10262.488134467858,9303.086711287038,10872.772526118237,0.3051398939144875,0.7221481728312785,0.1449842412330017,0.46442233482811757,-57374.966723841084,9,True,False,ig_window_60
8,10262.488303813525,9303.08719858835,10872.77212001707,0.3051398939144878,0.7221481728312785,0.14498423244252617,0.46442233482811757,-57374.966723775,8,True,False,ig_window_60
9,10262.501513016694,9303.12520881452,10872.740443531076,0.3051398939144875,0.7221481728312785,0.14498354677378672,0.46442233482811757,-57374.96672271188,8,True,False,ig_window_60
10,10262.498845314485,9303.117532346287,10872.746840848646,0.3051398939144875,0.7221481728312785,0.1449836852498289,0.46442233482811757,-57374.96672225732,7,True,False,ig_window_60
11,10262.502382589237,9303.12771106061,10872.738358241164,0.3051398939144875,0.7221481728312785,0.14498350163571874,0.46442233482811757,-57374.96672293396,7,True,False,ig_window_60
12,10262.499702003039,9303.119997517155,10872.744786455794,0.3051398939144875,0.7221481728312785,0.14498364078052473,0.46442233482811757,-57374.966722365796,8,True,False,ig_window_60
13,10262.499089760473,9303.118235753725,10872.746254651864,0.3051398939144875,0.7221481728312785,0.14498367256103611,0.46442233482811757,-57374.966722285266,9,True,False,ig_window_60
14,10262.486941964824,9303.083279795428,10872.775385812552,0.3051398939144875,0.7221481728312785,0.14498430313402538,0.46442233482811757,-57374.96672435635,8,True,False,ig_window_60
15,10262.507234112325,9303.141671608175,10872.726723979526,0.3051398939144875,0.7221481728312785,0.14498324980134167,0.46442233482811757,-57374.966724828235,6,True,False,ig_window_60
16,10262.504321060698,9303.133289127083,10872.733709663575,0.3051398939144875,0.7221481728312785,0.14498340101290833,0.46442233482811757,-57374.96672355645,8,True,False,ig_window_60
17,10262.48532006819,9303.078612701427,10872.77927521822,0.3051398939144878,0.7221481728312785,0.14498438732424224,0.46442233482811757,-57374.96672516394,8,True,False,ig_window_60
18,10262.498476386396,9303.116470734452,10872.747725561283,0.3051398939144875,0.7221481728312785,0.14498370440028585,0.46442233482811757,-57374.96672222129,6,True,False,ig_window_60
19,10262.486704893152,9303.082597609004,10872.77595432471,0.3051398939144875,0.7221481728312785,0.14498431544005796,0.46442233482811757,-57374.9667244663,8,True,False,ig_window_60
20,10262.491459235485,9303.096278487295,10872.76455312316,0.3051398939144875,0.7221481728312785,0.1449840686494312,0.46442233482811757,-57374.966722766505,7,True,False,ig_window_60
21,10262.486778942026,9303.082810688598,10872.77577675105,0.3051398939144875,0.7221481728312785,0.14498431159629266,0.46442233482811757,-57374.96672443144,8,True,False,ig_window_60
22,10262.490318934993,9303.092997209984,10872.767287633362,0.3051398939144875,0.7221481728312785,0.14498412784066236,0.46442233482811757,-57374.96672307627,7,True,False,ig_window_60
23,10262.502430189546,9303.127848033308,10872.738244092609,0.3051398939144875,0.7221481728312785,0.1449834991648658,0.46442233482811757,-57374.96672294666,7,True,False,ig_window_60
24,10262.499749337265,9303.12013372413,10872.744672945355,0.3051398939144875,0.7221481728312785,0.14498363832348266,0.46442233482811757,-57374.96672237318,8,True,False,ig_window_60
25,10262.486813616055,9303.082910464967,10872.77569360064,0.3051398939144875,0.7221481728312785,0.1449843097964162,0.46442233482811757,-57374.96672441545,8,True,False,ig_window_60
26,10262.507400716768,9303.14215102256,10872.726324451367,0.30513989391448776,0.7221481728312783,0.14498324115319036,0.46442233482811757,-57374.966724914215,7,True,False,ig_window_60
27,10262.48735320251,9303.084463153931,10872.77439963977,0.3051398939144875,0.7221481728312785,0.14498428178729927,0.46442233482811757,-57374.96672417112,8,True,False,ig_window_60
28,10262.504455485569,9303.133675942667,10872.733387304173,0.3051398939144875,0.7221481728312785,0.1449833940351395,0.46442233482811757,-57374.966723606754,8,True,False,ig_window_60
29,10262.485264620464,9303.07845314766,10872.77940818519,0.3051398939144878,0.7221481728312785,0.1449843902024508,0.46442233482811757,-57374.96672519366,8,True,False,ig_window_60
30,10262.48532011017,9303.078612822228,10872.779275117551,0.3051398939144878,0.7221481728312785,0.14498438732206317,0.46442233482811757,-57374.966725163256,8,True,False,ig_window_60
31,10262.498645468557,9303.116957278111,10872.747320091683,0.3051398939144875,0.7221481728312785,0.1449836956235057,0.46442233482811757,-57374.9667222365,8,True,False,ig_window_60
32,10262.4925302933,9303.099360515414,10872.761984660889,0.30513989391448776,0.7221481728312783,0.14498401305249178,0.46442233482811757,-57374.96672253027,7,True,False,ig_window_60
33,10262.508211627142,9303.144484466458,10872.724379836123,0.3051398939144875,0.7221481728312785,0.144983199060225,0.46442233482811757,-57374.96672534608,6,True,False,ig_window_60
34,10262.485132494876,9303.078072949278,10872.779725030276,0.3051398939144875,0.7221481728312785,0.14498439706089267,0.46442233482811757,-57374.96672526625,8,True,False,ig_window_60
35,10262.486807431977,9303.082892669958,10872.775708430425,0.3051398939144875,0.7221481728312785,0.14498431011742222,0.46442233482811757,-57374.96672441827,8,True,False,ig_window_60
36,10262.485559030087,9303.079300326966,10872.778702173251,0.3051398939144878,0.7221481728312785,0.14498437492008767,0.46442233482811757,-57374.96672503757,8,True,False,ig_window_60
37,10262.498122584942,9303.115452650423,10872.748573999279,0.3051398939144878,0.7221481728312785,0.14498372276554525,0.46442233482811757,-57374.96672219293,8,True,False,ig_window_60
38,10262.488192253873,9303.08687756942,10872.772387543871,0.3051398939144878,0.7221481728312785,0.14498423823341774,0.46442233482811757,-57374.96672381936,9,True,False,ig_window_60
39,10262.492564610522,9303.09945926512,10872.761902366086,0.3051398939144875,0.7221481728312785,0.14498401127113847,0.46442233482811757,-57374.96672252413,9,True,False,ig_window_60
40,10262.504097977448,9303.132647191753,10872.734244631401,0.3051398939144878,0.7221481728312785,0.1449834125927848,0.46442233482811757,-57374.96672347641,8,True,False,ig_window_60
41,10262.485392361863,9303.07882073031,10872.779101853652,0.3051398939144878,0.7221481728312785,0.14498438357158572,0.46442233482811757,-57374.96672512595,8,True,False,ig_window_60
42,10262.486766786342,9303.082775709972,10872.775805901107,0.3051398939144875,0.7221481728312785,0.14498431222727579,0.46442233482811757,-57374.96672443675,8,True,False,ig_window_60
43,10262.48687969757,9303.083100618067,10872.775535133182,0.3051398939144875,0.7221481728312785,0.1449843063662245,0.46442233482811757,-57374.96672438454,8,True,False,ig_window_60
44,10262.485428320679,9303.078924203706,10872.779015622255,0.3051398939144875,0.7221481728312785,0.14498438170501726,0.46442233482811757,-57374.966725106744,8,True,False,ig_window_60
45,10262.508276966626,9303.144672484805,10872.724223147832,0.30513989391448776,0.7221481728312783,0.14498319566856496,0.46442233482811757,-57374.96672538307,8,True,False,ig_window_60
46,10262.489654074749,9303.09108403831,10872.76888200871,0.3051398939144875,0.7221481728312785,0.14498416235253317,0.46442233482811757,-57374.9667232857,8,True,False,ig_window_60
47,10262.488154712653,9303.086769542533,10872.77247756999,0.3051398939144875,0.7221481728312785,0.14498424018212513,0.46442233482811757,-57374.96672383439,9,True,False,ig_window_60
48,10262.499397741318,9303.119121986423,10872.745516094488,0.3051398939144875,0.7221481728312785,0.14498365657425305,0.46442233482811757,-57374.96672232409,7,True,False,ig_window_60
49,10262.49941426468,9303.119169533347,10872.745476470436,0.3051398939144875,0.7221481728312785,0.14498365571655247,0.46442233482811757,-57374.966722325786,9,True,False,ig_window_60
0,10000.736033745507,10000.55399927286,5001.103297812965,0.5203043243170797,0.5048058328200705,0.11511973056349603,0.4967857633995636,-65609.08752154394,10,True,False,clean_full_series
1,10000.734141761213,10000.55206543988,5001.105210930814,0.5203043243170795,0.5048058328200706,0.11511978901669165,0.49678576339956354,-65609.08751779233,9,True,False,clean_full_series
2,10000.734104429486,10000.55202728241,5001.10524867954,0.5203043243170797,0.5048058328200702,0.11511979017006232,0.4967857633995636,-65609.08751773431,10,True,False,clean_full_series
3,10000.738737712067,10000.556763048282,5001.100563642978,0.5203043243170797,0.5048058328200705,0.1151196470239876,0.4967857633995636,-65609.0875316476,10,True,False,clean_full_series
4,10000.729163212467,10000.546976770871,5001.110245090205,0.5203043243170797,0.5048058328200704,0.11511994282992279,0.4967857633995636,-65609.08752076222,9,True,False,clean_full_series
5,10000.73491560587,10000.552856401158,5001.104428442276,0.5203043243170795,0.5048058328200704,0.11511976510861979,0.4967857633995636,-65609.08751905823,9,True,False,clean_full_series
6,10000.737662948119,10000.555664511701,5001.101650412087,0.5203043243170796,0.5048058328200705,0.11511968022899963,0.4967857633995636,-65609.08752696142,9,True,False,clean_full_series
7,10000.737261145527,10000.555253821662,5001.102056702833,0.5203043243170796,0.5048058328200706,0.11511969264275917,0.4967857633995636,-65609.0875253812,9,True,False,clean_full_series
8,10000.736400916227,10000.554374565007,5001.1029265409325,0.5203043243170795,0.5048058328200705,0.11511971921969218,0.4967857633995636,-65609.0875226131,9,True,False,clean_full_series
9,10000.735282383435,10000.553231291457,5001.104057567786,0.5203043243170796,0.5048058328200704,0.11511975377696082,0.4967857633995636,-65609.08751975631,11,True,False,clean_full_series
10,10000.72874299851,10000.54654726222,5001.1106699979755,0.5203043243170793,0.5048058328200703,0.11511995581251927,0.49678576339956376,-65609.08752185461,9,True,False,clean_full_series
11,10000.72879588393,10000.54660131741,5001.110616521824,0.5203043243170795,0.5048058328200703,0.1151199541786134,0.49678576339956376,-65609.08752174201,8,True,False,clean_full_series
12,10000.73919504937,10000.5572305014,5001.100101197197,0.5203043243170797,0.5048058328200704,0.1151196328944765,0.4967857633995636,-65609.08753387576,9,True,False,clean_full_series
13,10000.736182502902,10000.554151320612,5001.103147393943,0.5203043243170797,0.5048058328200705,0.11511972596761012,0.4967857633995636,-65609.08752202812,10,True,False,clean_full_series
14,10000.734336101092,10000.55226407835,5001.105014420149,0.5203043243170797,0.5048058328200704,0.11511978301252546,0.4967857633995636,-65609.0875179969,9,True,False,clean_full_series
15,10000.728580020723,10000.546380679534,5001.110834796235,0.5203043243170795,0.5048058328200705,0.11511996084775178,0.4967857633995636,-65609.0875222696,9,True,False,clean_full_series
16,10000.728416943191,10000.5462139949,5001.110999695351,0.5203043243170795,0.5048058328200704,0.11511996588606589,0.4967857633995636,-65609.08752281434,8,True,False,clean_full_series
17,11288.5224,11314.3362,0.0,2.400475048838139e-06,0.5,0.0,0.5555552888354655,-2064525.524543407,3,False,True,clean_full_series
18,10000.726077169144,10000.54382246749,5001.113365604805,0.5203043243170797,0.5048058328200706,0.11512003817388235,0.4967857633995636,-65609.0875319805,9,True,False,clean_full_series
19,10000.734104232652,10000.552027081223,5001.105248878573,0.5203043243170797,0.5048058328200702,0.11511979017614356,0.4967857633995636,-65609.08751772656,10,True,False,clean_full_series
20,10000.730588649252,10000.548433736823,5001.108803731217,0.5203043243170797,0.5048058328200705,0.1151198987907659,0.49678576339956354,-65609.08751801863,9,True,False,clean_full_series
21,10000.734719841794,10000.552656306989,5001.104626393045,0.5203043243170795,0.5048058328200704,0.1151197711567864,0.49678576339956376,-65609.08751864571,9,True,False,clean_full_series
22,10000.730274679372,10000.548112822258,5001.109121208155,0.5203043243170796,0.5048058328200704,0.11511990849092786,0.4967857633995636,-65609.08751848368,8,True,False,clean_full_series
23,10000.729672663425,10000.54749749035,5001.109729948655,0.5203043243170796,0.5048058328200704,0.11511992709033175,0.4967857633995636,-65609.08751959522,8,True,False,clean_full_series
24,10000.734358184556,10000.552286650276,5001.104992090013,0.5203043243170796,0.5048058328200704,0.11511978233025279,0.4967857633995636,-65609.08751811132,9,True,False,clean_full_series
25,10000.738502789582,10000.55652292956,5001.100801189558,0.5203043243170795,0.5048058328200705,0.11511965428195664,0.4967857633995636,-65609.08753052879,9,True,False,clean_full_series
26,10000.730692387284,10000.548539769432,5001.108698834424,0.5203043243170797,0.5048058328200707,0.11511989558575877,0.4967857633995636,-65609.08751783418,9,True,False,clean_full_series
27,10000.737925671223,10000.55593304596,5001.1013847543545,0.5203043243170795,0.5048058328200704,0.1151196721121249,0.4967857633995636,-65609.08752807911,9,True,False,clean_full_series
28,10000.737091030342,10000.555079943711,5001.10222871821,0.5203043243170795,0.5048058328200705,0.11511969789849695,0.4967857633995636,-65609.08752488208,8,True,False,clean_full_series
29,11288.5224,11314.3362,0.0,2.4004750488381355e-06,0.5,0.0,0.5555552888354655,-2064525.524543407,3,False,True,clean_full_series
30,11288.5224,11314.3362,0.0,2.4004750488381398e-06,0.5,0.0,0.5555552888354655,-2064525.524543407,3,False,True,clean_full_series
31,10000.734084877367,10000.55200729782,5001.105268450056,0.5203043243170795,0.5048058328200705,0.1151197907741286,0.4967857633995636,-65609.08751770781,9,True,False,clean_full_series
32,10000.727601374903,10000.545380387093,5001.11182437358,0.5203043243170795,0.5048058328200705,0.11511999108321887,0.4967857633995636,-65609.08752551358,9,True,False,clean_full_series
33,10000.72711887065,10000.544887210348,5001.112312267434,0.5203043243170797,0.5048058328200706,0.11512000599029017,0.4967857633995636,-65609.08752739447,9,True,False,clean_full_series
34,11288.5224,11314.3362,0.0,2.4004750488381355e-06,0.5,0.0,0.5555552888354655,-2064525.524543407,3,False,True,clean_full_series
35,10000.736182894678,10000.554151721053,5001.10314699779,0.5203043243170797,0.5048058328200704,0.11511972595550612,0.4967857633995636,-65609.0875218935,9,True,False,clean_full_series
36,11288.5224,11314.3362,0.0,2.4004750488381398e-06,0.5,0.0,0.5555552888354655,-2064525.524543407,3,False,True,clean_full_series
37,10000.737781298816,10000.555785480192,5001.101530739406,0.5203043243170794,0.5048058328200704,0.11511967657253469,0.49678576339956376,-65609.08752746526,9,True,False,clean_full_series
38,10000.738612054176,10000.556634610974,5001.100690704472,0.5203043243170798,0.5048058328200705,0.1151196509062089,0.4967857633995636,-65609.08753106963,10,True,False,clean_full_series
39,10000.738458773307,10000.556477939695,5001.100845697495,0.5203043243170794,0.5048058328200703,0.11511965564184672,0.49678576339956376,-65609.08753032962,10,True,False,clean_full_series
40,10000.730113145399,10000.547947715322,5001.109284546474,0.5203043243170796,0.5048058328200705,0.11511991348155239,0.4967857633995636,-65609.08751877591,9,True,False,clean_full_series
41,11288.5224,11314.3362,0.0,2.4004750488381394e-06,0.5,0.0,0.5555552888354655,-2064525.524543407,3,False,True,clean_full_series
42,10000.725856755345,10000.543597178366,5001.113588480641,0.5203043243170795,0.5048058328200705,0.11512004498361468,0.4967857633995636,-65609.08753312222,8,True,False,clean_full_series
43,10000.727341568503,10000.545114834045,5001.112087082033,0.5203043243170796,0.5048058328200707,0.11511999910999261,0.4967857633995636,-65609.08752653253,7,True,False,clean_full_series
44,11288.5224,11314.3362,0.0,2.400475048838139e-06,0.5,0.0,0.5555552888354655,-2064525.524543407,3,False,True,clean_full_series
45,10000.734011670984,10000.55193247219,5001.1053424741585,0.5203043243170797,0.5048058328200704,0.11511979303585336,0.4967857633995636,-65609.08751763395,9,True,False,clean_full_series
46,10000.734064088278,10000.5519860489,5001.105289471359,0.5203043243170797,0.5048058328200706,0.11511979141641134,0.4967857633995636,-65609.08751764636,9,True,False,clean_full_series
47,10000.73864742059,10000.556670759657,5001.100654943011,0.5203043243170797,0.5048058328200704,0.11511964981355759,0.4967857633995636,-65609.08753119242,9,True,False,clean_full_series
48,10000.728552082259,10000.546352123103,5001.110863046772,0.5203043243170796,0.5048058328200706,0.11511996171091639,0.4967857633995636,-65609.08752236952,9,True,False,clean_full_series
49,10000.736354031018,10000.554326642748,5001.102973949849,0.5203043243170795,0.5048058328200705,0.11511972066821884,0.4967857633995636,-65609.08752247687,11,True,False,clean_full_series
